<?xml version="1.0"?>
<!DOCTYPE hibernate-mapping PUBLIC "-//Hibernate/Hibernate Mapping DTD 3.0//EN"
"http://www.hibernate.org/dtd/hibernate-mapping-3.0.dtd">
<!-- Generated Jan 9, 2017 10:28:21 AM by Hibernate Tools 4.3.1 -->
<hibernate-mapping>
    <class name="com.andrewgurung.tutorial.hibernate.Message" table="message" catalog="messagerepository" optimistic-lock="version">
        <id name="id" type="java.lang.Short">
            <column name="id" />
            <generator class="identity" />
        </id>
        <property name="message" type="string">
            <column name="message" length="50" />
        </property>
    </class>
</hibernate-mapping>
