<?xml version="1.0"?>
<!DOCTYPE hibernate-mapping PUBLIC "-//Hibernate/Hibernate Mapping DTD 3.0//EN"
"http://www.hibernate.org/dtd/hibernate-mapping-3.0.dtd">
<!-- Generated Dec 30, 2016 12:36:27 PM by Hibernate Tools 4.3.1 -->
<hibernate-mapping>
    <class name="hibernateexample.Employee" table="employee" catalog="hibernateexample" optimistic-lock="version">
        <meta attribute ="class-description"> This class contains the employee info </meta>
        <id name="id" type="int" column="id">
           <generator class="native" />
        </id>
        <set name="phones" cascade="all">
	         <key column="employee_id"/>
	         <one-to-many class="hibernateexample.Phone"/>
      	</set>
        <property name="firstName" type="string">
            <column name="first_name" length="30" />
        </property>
        <property name="lastName" type="string">
            <column name="last_name" length="30" />
        </property>
        <property name="salary" type="int">
            <column name="Salary" />
        </property>
    </class>
     <class name="hibernateexample.Phone" table="phone" catalog="hibernateexample" optimistic-lock="version">
        <id name="id" type="int" column="id">
           <generator class="native" />
        </id>
        <property name="phoneNumber" type="string">
            <column name="phone_number" length="12" />
        </property>

    </class>
   

</hibernate-mapping>
