<?xml version="1.0" encoding="UTF-8"?>
<!DOCTYPE hibernate-configuration PUBLIC
		"-//Hibernate/Hibernate Configuration DTD 3.0//EN"
		"http://www.hibernate.org/dtd/hibernate-configuration-3.0.dtd">
<hibernate-configuration>
    <session-factory>
        <property name="hibernate.connection.driver_class">com.mysql.jdbc.Driver</property>
        <property name="hibernate.connection.password">root</property>
        <property name="hibernate.connection.url">jdbc:mysql://localhost:3306/hibernateexample?useSSL=false&amp;serverTimezone=UTC&amp;nullNamePatternMatchesAll=true</property>
        <!-- <property name="hibernate.connection.url">jdbc:mysql://localhost:3306/hibernateexample?useSSL=false&amp;serverTimezone=UTC&amp;currentSchema=employee&amp;nullNamePatternMatchesAll=true&amp;zeroDateTimeBehavior=convertToNull</property> -->
        <property name="hibernate.connection.username">root</property>
       	<property name="hibernate.dialect">org.hibernate.dialect.MySQLDialect</property>
       	<property name="hibernate.show_sql">true</property>
		<property name="hibernate.query.factory_class">org.hibernate.hql.internal.classic.ClassicQueryTranslatorFactory</property>
		<property name="hibernate.current_session_context_class">thread</property>
		<mapping resource="hibernateexample/Employee.hbm.xml"/>
    </session-factory>
</hibernate-configuration>
