<?xml version='1.0' encoding='utf-8'?>
<!DOCTYPE hibernate-configuration PUBLIC
    "-//Hibernate/Hibernate Configuration DTD//EN"
    "http://www.hibernate.org/dtd/hibernate-configuration-3.0.dtd">

<hibernate-configuration>
	<session-factory>
		<property name="hibernate.connection.driver_class">com.mysql.cj.jdbc.Driver</property>
		<property name="hibernate.connection.url">jdbc:mysql://localhost:3306/messagerepository?useSSL=false&amp;serverTimezone=UTC</property>
		<property name="hibernate.connection.username">root</property>
		<property name="hibernate.connection.password">root</property>
		<property name="hibernate.dialect">org.hibernate.dialect.MySQLDialect</property>
		<property name="hibernate.show_sql">true</property>
		<property name="hibernate.query.factory_class">org.hibernate.hql.internal.classic.ClassicQueryTranslatorFactory</property>
		<property name="hibernate.current_session_context_class">thread</property>
		<mapping resource="com/andrewgurung/tutorial/hibernate/Message.hbm.xml" />
	</session-factory>
</hibernate-configuration>
